total_exec_time,parallel_exec_time,serial_exec_time,n_proc,n_hash,mode,os
12.873000, 1.431000, 11.442000, 2, 1, Managed, windows
13.123000, 1.475000, 11.648000, 15, 11, Managed, windows
12.327000, 1.541000, 10.786000, 21, 21, Managed, windows
12.965000, 1.520000, 11.445000, 32, 31, Managed, windows
12.818000, 1.556000, 11.262000, 50, 41, Managed, windows
12.840000, 1.481000, 11.359000, 55, 51, Managed, windows
12.668000, 1.496000, 11.172000, 72, 61, Managed, windows
12.735000, 1.538000, 11.197000, 72, 71, Managed, windows
12.616000, 1.549000, 11.067000, 2, 1, Managed, windows
12.811000, 1.612000, 11.199000, 105, 101, Managed, windows
12.505000, 1.610000, 10.895000, 210, 201, Managed, windows
12.767000, 1.535000, 11.232000, 325, 301, Managed, windows
12.857000, 1.599000, 11.258000, 406, 401, Managed, windows
13.468000, 1.648000, 11.820000, 512, 501, Managed, windows
12.758000, 1.598000, 11.160000, 630, 601, Managed, windows
12.823000, 1.698000, 11.125000, 722, 701, Managed, windows
12.863000, 1.524000, 11.339000, 820, 801, Managed, windows
12.896000, 1.689000, 11.207000, 903, 901, Managed, windows
12.799000, 1.709000, 11.090000, 1035, 1001, Managed, windows
12.851000, 1.737000, 11.114000, 1128, 1101, Managed, windows
13.025000, 1.767000, 11.258000, 1250, 1201, Managed, windows
12.974000, 1.741000, 11.233000, 1352, 1301, Managed, windows
12.880000, 1.669000, 11.211000, 1431, 1401, Managed, windows
12.837000, 1.717000, 11.120000, 1540, 1501, Managed, windows
13.032000, 1.783000, 11.249000, 1653, 1601, Managed, windows
13.659000, 1.806000, 11.853000, 1711, 1701, Managed, windows
13.807000, 1.860000, 11.947000, 1830, 1801, Managed, windows
14.181000, 1.914000, 12.267000, 1922, 1901, Managed, windows
13.360000, 1.774000, 11.586000, 2048, 2001, Managed, windows
13.642000, 1.855000, 11.787000, 2145, 2101, Managed, windows
13.581000, 1.835000, 11.746000, 2211, 2201, Managed, windows
13.144000, 1.811000, 11.333000, 2312, 2301, Managed, windows
13.196000, 1.818000, 11.378000, 2450, 2401, Managed, windows
13.442000, 1.868000, 11.574000, 2556, 2501, Managed, windows
13.375000, 1.829000, 11.546000, 2628, 2601, Managed, windows
13.364000, 1.877000, 11.487000, 2738, 2701, Managed, windows
14.188000, 1.898000, 12.290000, 2850, 2801, Managed, windows
14.045000, 1.909000, 12.136000, 2926, 2901, Managed, windows
0.736000, 0.013000, 0.723000, 2, 1, Unmanaged, windows
0.763000, 0.015000, 0.748000, 105, 101, Unmanaged, windows
0.867000, 0.018000, 0.849000, 210, 201, Unmanaged, windows
0.882000, 0.021000, 0.861000, 325, 301, Unmanaged, windows
0.812000, 0.025000, 0.787000, 406, 401, Unmanaged, windows
0.874000, 0.030000, 0.844000, 512, 501, Unmanaged, windows
0.894000, 0.031000, 0.863000, 630, 601, Unmanaged, windows
0.843000, 0.031000, 0.812000, 722, 701, Unmanaged, windows
0.839000, 0.035000, 0.804000, 820, 801, Unmanaged, windows
0.834000, 0.033000, 0.801000, 903, 901, Unmanaged, windows
0.847000, 0.035000, 0.812000, 1035, 1001, Unmanaged, windows
0.835000, 0.037000, 0.798000, 1128, 1101, Unmanaged, windows
0.850000, 0.039000, 0.811000, 1250, 1201, Unmanaged, windows
0.881000, 0.040000, 0.841000, 1352, 1301, Unmanaged, windows
0.922000, 0.043000, 0.879000, 1431, 1401, Unmanaged, windows
0.895000, 0.046000, 0.849000, 1540, 1501, Unmanaged, windows
0.921000, 0.045000, 0.876000, 1653, 1601, Unmanaged, windows
0.932000, 0.047000, 0.885000, 1711, 1701, Unmanaged, windows
1.000000, 0.048000, 0.952000, 1830, 1801, Unmanaged, windows
0.978000, 0.048000, 0.930000, 1922, 1901, Unmanaged, windows
0.950000, 0.050000, 0.900000, 2048, 2001, Unmanaged, windows
0.892000, 0.051000, 0.841000, 2145, 2101, Unmanaged, windows
0.946000, 0.055000, 0.891000, 2211, 2201, Unmanaged, windows
1.011000, 0.061000, 0.950000, 2312, 2301, Unmanaged, windows
0.911000, 0.062000, 0.849000, 2450, 2401, Unmanaged, windows
0.956000, 0.069000, 0.887000, 2556, 2501, Unmanaged, windows
0.954000, 0.077000, 0.877000, 2628, 2601, Unmanaged, windows
0.926000, 0.077000, 0.849000, 2738, 2701, Unmanaged, windows
1.036000, 0.087000, 0.949000, 2850, 2801, Unmanaged, windows
1.018000, 0.092000, 0.926000, 2926, 2901, Unmanaged, windows
0.477432, 0.015647, 0.461785, 2, 1, Managed, linux
0.486498, 0.017472, 0.469026, 15, 11, Managed, linux
0.496374, 0.020030, 0.476344, 21, 21, Managed, linux
0.487864, 0.019712, 0.468152, 32, 31, Managed, linux
0.515757, 0.019516, 0.496241, 50, 41, Managed, linux
0.522227, 0.021716, 0.500511, 55, 51, Managed, linux
0.506094, 0.022726, 0.483368, 72, 61, Managed, linux
0.605041, 0.025192, 0.579849, 72, 71, Managed, linux
0.609950, 0.023873, 0.586077, 91, 81, Managed, linux
0.571715, 0.020430, 0.551285, 98, 91, Managed, linux
0.580986, 0.020493, 0.560493, 105, 101, Managed, linux
0.591972, 0.021820, 0.570152, 120, 111, Managed, linux
0.570584, 0.021657, 0.548927, 128, 121, Managed, linux
0.578175, 0.023002, 0.555173, 136, 131, Managed, linux
0.610971, 0.024381, 0.586590, 153, 141, Managed, linux
0.582034, 0.023703, 0.558331, 162, 151, Managed, linux
0.572133, 0.023123, 0.549010, 162, 161, Managed, linux
0.634443, 0.023548, 0.610895, 171, 171, Managed, linux
0.645046, 0.024588, 0.620458, 200, 181, Managed, linux
0.624506, 0.022670, 0.601836, 200, 191, Managed, linux
0.595755, 0.022402, 0.573353, 210, 201, Managed, linux
0.613704, 0.025031, 0.588673, 231, 211, Managed, linux
0.628612, 0.023772, 0.604840, 242, 221, Managed, linux
0.719507, 0.024960, 0.694547, 242, 231, Managed, linux
0.665884, 0.024657, 0.641227, 242, 241, Managed, linux
0.594480, 0.023992, 0.570488, 253, 251, Managed, linux
0.612287, 0.025102, 0.587185, 276, 261, Managed, linux
0.615438, 0.026101, 0.589337, 288, 271, Managed, linux
0.658014, 0.025104, 0.632910, 288, 281, Managed, linux
0.609937, 0.025437, 0.584500, 300, 291, Managed, linux
0.644821, 0.027809, 0.617012, 325, 301, Managed, linux
0.589563, 0.024294, 0.565269, 325, 311, Managed, linux
0.676051, 0.025674, 0.650377, 338, 321, Managed, linux
0.587752, 0.026509, 0.561243, 338, 331, Managed, linux
0.615022, 0.026126, 0.588896, 351, 341, Managed, linux
0.590570, 0.025282, 0.565288, 351, 351, Managed, linux
0.596612, 0.025861, 0.570751, 378, 361, Managed, linux
0.595893, 0.024633, 0.571260, 392, 371, Managed, linux
0.592777, 0.026926, 0.565851, 392, 381, Managed, linux
0.635074, 0.026860, 0.608214, 392, 391, Managed, linux
0.652159, 0.025894, 0.626265, 406, 401, Managed, linux
0.638619, 0.025928, 0.612691, 435, 411, Managed, linux
0.616730, 0.024635, 0.592095, 450, 421, Managed, linux
0.575166, 0.025402, 0.549764, 450, 431, Managed, linux
0.602177, 0.027471, 0.574706, 450, 441, Managed, linux
0.649834, 0.025807, 0.624027, 465, 451, Managed, linux
0.572822, 0.025944, 0.546878, 465, 461, Managed, linux
0.610385, 0.024362, 0.586023, 496, 471, Managed, linux
0.570410, 0.023529, 0.546881, 512, 481, Managed, linux
0.581530, 0.025221, 0.556309, 512, 491, Managed, linux
0.562270, 0.026087, 0.536183, 512, 501, Managed, linux
0.599813, 0.027242, 0.572571, 512, 511, Managed, linux
0.591261, 0.026448, 0.564813, 528, 521, Managed, linux
0.628964, 0.026113, 0.602851, 561, 531, Managed, linux
0.623595, 0.026599, 0.596996, 561, 541, Managed, linux
0.603639, 0.026773, 0.576866, 578, 551, Managed, linux
0.594101, 0.026685, 0.567416, 578, 561, Managed, linux
0.590418, 0.026639, 0.563779, 578, 571, Managed, linux
0.567676, 0.026275, 0.541401, 595, 581, Managed, linux
0.571692, 0.025653, 0.546039, 595, 591, Managed, linux
0.602131, 0.027339, 0.574792, 630, 601, Managed, linux
0.607828, 0.026320, 0.581508, 630, 611, Managed, linux
0.604623, 0.027277, 0.577346, 648, 621, Managed, linux
0.595795, 0.026903, 0.568892, 648, 631, Managed, linux
0.600056, 0.026401, 0.573655, 648, 641, Managed, linux
0.573791, 0.026279, 0.547512, 666, 651, Managed, linux
0.578400, 0.027355, 0.551045, 666, 661, Managed, linux
0.591718, 0.026858, 0.564860, 703, 671, Managed, linux
0.750181, 0.026403, 0.723778, 703, 681, Managed, linux
0.578678, 0.026675, 0.552003, 722, 691, Managed, linux
0.571984, 0.026631, 0.545353, 722, 701, Managed, linux
0.574572, 0.025946, 0.548626, 722, 711, Managed, linux
0.618807, 0.026584, 0.592223, 722, 721, Managed, linux
0.578208, 0.026989, 0.551219, 741, 731, Managed, linux
0.587146, 0.026679, 0.560467, 741, 741, Managed, linux
0.628291, 0.026883, 0.601408, 780, 751, Managed, linux
0.576524, 0.021632, 0.554892, 800, 761, Managed, linux
0.565028, 0.021241, 0.543787, 800, 771, Managed, linux
0.586826, 0.021663, 0.565163, 800, 781, Managed, linux
0.565405, 0.021019, 0.544386, 800, 791, Managed, linux
0.574115, 0.021818, 0.552297, 820, 801, Managed, linux
0.582427, 0.021893, 0.560534, 820, 811, Managed, linux
0.591888, 0.020682, 0.571206, 861, 821, Managed, linux
0.576593, 0.021376, 0.555217, 861, 831, Managed, linux
0.566154, 0.020210, 0.545944, 882, 841, Managed, linux
0.563649, 0.021080, 0.542569, 882, 851, Managed, linux
0.573922, 0.020499, 0.553423, 882, 861, Managed, linux
0.563362, 0.021115, 0.542247, 882, 871, Managed, linux
0.566304, 0.020844, 0.545460, 882, 881, Managed, linux
0.574234, 0.020758, 0.553476, 903, 891, Managed, linux
0.579772, 0.021259, 0.558513, 903, 901, Managed, linux
0.567794, 0.020528, 0.547266, 946, 911, Managed, linux
0.579179, 0.021025, 0.558154, 946, 921, Managed, linux
0.575740, 0.022240, 0.553500, 968, 931, Managed, linux
0.572729, 0.020341, 0.552388, 968, 941, Managed, linux
0.584333, 0.020972, 0.563361, 968, 951, Managed, linux
0.568305, 0.020417, 0.547888, 968, 961, Managed, linux
0.564209, 0.021270, 0.542939, 990, 971, Managed, linux
0.568540, 0.020786, 0.547754, 990, 981, Managed, linux
0.573730, 0.020396, 0.553334, 1035, 991, Managed, linux
0.692750, 0.022194, 0.670556, 1035, 1001, Managed, linux
0.611589, 0.021174, 0.590415, 1035, 1011, Managed, linux
0.664995, 0.021434, 0.643561, 1058, 1021, Managed, linux
0.638211, 0.023692, 0.614519, 1058, 1031, Managed, linux
0.625917, 0.022872, 0.603045, 1058, 1041, Managed, linux
0.595191, 0.023690, 0.571501, 1058, 1051, Managed, linux
0.577714, 0.025177, 0.552537, 1081, 1061, Managed, linux
0.569512, 0.024171, 0.545341, 1081, 1071, Managed, linux
0.582063, 0.024464, 0.557599, 1081, 1081, Managed, linux
0.612662, 0.025158, 0.587504, 1128, 1091, Managed, linux
0.593917, 0.025334, 0.568583, 1128, 1101, Managed, linux
0.607365, 0.025858, 0.581507, 1152, 1111, Managed, linux
0.587738, 0.026688, 0.561050, 1152, 1121, Managed, linux
0.592034, 0.026513, 0.565521, 1152, 1131, Managed, linux
0.582438, 0.025382, 0.557056, 1152, 1141, Managed, linux
0.593095, 0.026524, 0.566571, 1152, 1151, Managed, linux
0.594399, 0.026032, 0.568367, 1176, 1161, Managed, linux
0.620573, 0.026971, 0.593602, 1176, 1171, Managed, linux
0.610531, 0.026064, 0.584467, 1225, 1181, Managed, linux
0.613596, 0.026125, 0.587471, 1225, 1191, Managed, linux
0.624275, 0.026475, 0.597800, 1250, 1201, Managed, linux
0.674187, 0.027395, 0.646792, 1250, 1211, Managed, linux
0.608187, 0.026038, 0.582149, 1250, 1221, Managed, linux
0.627616, 0.027452, 0.600164, 1250, 1231, Managed, linux
0.578061, 0.027718, 0.550343, 1250, 1241, Managed, linux
0.623172, 0.025721, 0.597451, 1275, 1251, Managed, linux
0.619793, 0.027510, 0.592283, 1275, 1261, Managed, linux
0.619262, 0.026878, 0.592384, 1275, 1271, Managed, linux
0.633710, 0.026862, 0.606848, 1326, 1281, Managed, linux
0.620320, 0.026766, 0.593554, 1326, 1291, Managed, linux
0.605586, 0.026631, 0.578955, 1352, 1301, Managed, linux
0.588748, 0.026619, 0.562129, 1352, 1311, Managed, linux
0.599506, 0.026468, 0.573038, 1352, 1321, Managed, linux
0.587608, 0.026256, 0.561352, 1352, 1331, Managed, linux
0.591764, 0.027443, 0.564321, 1352, 1341, Managed, linux
0.609617, 0.028034, 0.581583, 1352, 1351, Managed, linux
0.649509, 0.028339, 0.621170, 1378, 1361, Managed, linux
0.608397, 0.027014, 0.581383, 1378, 1371, Managed, linux
0.640887, 0.028227, 0.612660, 1431, 1381, Managed, linux
0.641477, 0.023295, 0.618182, 1431, 1391, Managed, linux
0.696221, 0.024234, 0.671987, 1431, 1401, Managed, linux
0.705664, 0.022644, 0.683020, 1458, 1411, Managed, linux
0.596767, 0.021538, 0.575229, 1458, 1421, Managed, linux
0.586332, 0.021597, 0.564735, 1458, 1431, Managed, linux
0.588590, 0.022203, 0.566387, 1458, 1441, Managed, linux
0.605652, 0.023912, 0.581740, 1458, 1451, Managed, linux
0.588916, 0.022091, 0.566825, 1485, 1461, Managed, linux
0.595519, 0.022296, 0.573223, 1485, 1471, Managed, linux
0.597297, 0.022615, 0.574682, 1485, 1481, Managed, linux
0.594752, 0.022756, 0.571996, 1540, 1491, Managed, linux
0.617822, 0.023350, 0.594472, 1540, 1501, Managed, linux
0.635468, 0.023386, 0.612082, 1540, 1511, Managed, linux
0.646811, 0.024564, 0.622247, 1568, 1521, Managed, linux
0.607665, 0.022093, 0.585572, 1568, 1531, Managed, linux
0.607211, 0.022576, 0.584635, 1568, 1541, Managed, linux
0.663908, 0.023321, 0.640587, 1568, 1551, Managed, linux
0.613677, 0.022523, 0.591154, 1568, 1561, Managed, linux
0.596351, 0.023076, 0.573275, 1596, 1571, Managed, linux
0.606163, 0.022664, 0.583499, 1596, 1581, Managed, linux
0.629240, 0.022359, 0.606881, 1596, 1591, Managed, linux
0.625781, 0.023112, 0.602669, 1653, 1601, Managed, linux
0.631682, 0.023942, 0.607740, 1653, 1611, Managed, linux
0.632166, 0.024801, 0.607365, 1653, 1621, Managed, linux
0.601639, 0.022990, 0.578649, 1682, 1631, Managed, linux
0.637946, 0.022757, 0.615189, 1682, 1641, Managed, linux
0.639527, 0.023450, 0.616077, 1682, 1651, Managed, linux
0.637678, 0.023918, 0.613760, 1682, 1661, Managed, linux
0.662809, 0.023689, 0.639120, 1682, 1671, Managed, linux
0.629295, 0.022917, 0.606378, 1682, 1681, Managed, linux
0.649951, 0.023775, 0.626176, 1711, 1691, Managed, linux
0.671503, 0.024361, 0.647142, 1711, 1701, Managed, linux
0.643885, 0.023186, 0.620699, 1711, 1711, Managed, linux
0.616099, 0.022925, 0.593174, 1770, 1721, Managed, linux
0.609102, 0.024122, 0.584980, 1770, 1731, Managed, linux
0.603172, 0.023682, 0.579490, 1800, 1741, Managed, linux
0.600887, 0.023227, 0.577660, 1800, 1751, Managed, linux
0.591619, 0.023589, 0.568030, 1800, 1761, Managed, linux
0.600614, 0.023392, 0.577222, 1800, 1771, Managed, linux
0.597975, 0.022772, 0.575203, 1800, 1781, Managed, linux
0.637024, 0.022952, 0.614072, 1800, 1791, Managed, linux
0.614356, 0.022880, 0.591476, 1830, 1801, Managed, linux
0.617896, 0.023639, 0.594257, 1830, 1811, Managed, linux
0.602409, 0.023637, 0.578772, 1830, 1821, Managed, linux
0.597168, 0.023588, 0.573580, 1891, 1831, Managed, linux
0.593921, 0.022027, 0.571894, 1891, 1841, Managed, linux
0.609732, 0.023070, 0.586662, 1891, 1851, Managed, linux
0.690172, 0.023549, 0.666623, 1922, 1861, Managed, linux
0.676738, 0.023125, 0.653613, 1922, 1871, Managed, linux
0.633343, 0.023840, 0.609503, 1922, 1881, Managed, linux
0.698245, 0.024831, 0.673414, 1922, 1891, Managed, linux
0.669489, 0.023819, 0.645670, 1922, 1901, Managed, linux
0.611755, 0.023175, 0.588580, 1922, 1911, Managed, linux
0.621309, 0.023728, 0.597581, 1922, 1921, Managed, linux
0.648074, 0.023706, 0.624368, 1953, 1931, Managed, linux
0.687116, 0.023407, 0.663709, 1953, 1941, Managed, linux
0.639527, 0.023245, 0.616282, 1953, 1951, Managed, linux
0.677124, 0.023376, 0.653748, 2016, 1961, Managed, linux
0.614166, 0.023624, 0.590542, 2016, 1971, Managed, linux
0.670243, 0.024152, 0.646091, 2016, 1981, Managed, linux
0.618329, 0.023127, 0.595202, 2048, 1991, Managed, linux
0.603534, 0.022238, 0.581296, 2048, 2001, Managed, linux
0.625721, 0.022418, 0.603303, 2048, 2011, Managed, linux
0.638793, 0.022490, 0.616303, 2048, 2021, Managed, linux
0.623103, 0.022464, 0.600639, 2048, 2031, Managed, linux
0.629979, 0.023995, 0.605984, 2048, 2041, Managed, linux
0.623780, 0.024459, 0.599321, 2080, 2051, Managed, linux
0.668477, 0.025292, 0.643185, 2080, 2061, Managed, linux
0.632776, 0.025581, 0.607195, 2080, 2071, Managed, linux
0.651339, 0.024763, 0.626576, 2145, 2081, Managed, linux
0.636799, 0.025397, 0.611402, 2145, 2091, Managed, linux
0.663673, 0.024665, 0.639008, 2145, 2101, Managed, linux
0.665361, 0.025593, 0.639768, 2145, 2111, Managed, linux
0.621578, 0.025536, 0.596042, 2178, 2121, Managed, linux
0.639364, 0.025154, 0.614210, 2178, 2131, Managed, linux
0.630733, 0.024803, 0.605930, 2178, 2141, Managed, linux
0.643676, 0.025302, 0.618374, 2178, 2151, Managed, linux
0.628149, 0.026462, 0.601687, 2178, 2161, Managed, linux
0.638905, 0.025871, 0.613034, 2178, 2171, Managed, linux
0.662645, 0.026184, 0.636461, 2211, 2181, Managed, linux
0.687159, 0.027181, 0.659978, 2211, 2191, Managed, linux
0.653040, 0.025888, 0.627152, 2211, 2201, Managed, linux
0.641689, 0.025887, 0.615802, 2211, 2211, Managed, linux
0.616546, 0.025984, 0.590562, 2278, 2221, Managed, linux
0.613414, 0.025025, 0.588389, 2278, 2231, Managed, linux
0.632346, 0.025680, 0.606666, 2278, 2241, Managed, linux
0.627525, 0.025828, 0.601697, 2312, 2251, Managed, linux
0.636376, 0.025505, 0.610871, 2312, 2261, Managed, linux
0.632663, 0.025582, 0.607081, 2312, 2271, Managed, linux
0.642701, 0.025775, 0.616926, 2312, 2281, Managed, linux
0.654125, 0.027533, 0.626592, 2312, 2291, Managed, linux
0.636650, 0.027112, 0.609538, 2312, 2301, Managed, linux
0.613529, 0.027096, 0.586433, 2312, 2311, Managed, linux
0.664792, 0.027192, 0.637600, 2346, 2321, Managed, linux
0.686190, 0.027587, 0.658603, 2346, 2331, Managed, linux
0.672636, 0.026999, 0.645637, 2346, 2341, Managed, linux
0.662835, 0.026994, 0.635841, 2415, 2351, Managed, linux
0.722088, 0.027408, 0.694680, 2415, 2361, Managed, linux
0.726488, 0.029044, 0.697444, 2415, 2371, Managed, linux
0.646087, 0.026815, 0.619272, 2450, 2381, Managed, linux
0.623399, 0.027524, 0.595875, 2450, 2391, Managed, linux
0.635653, 0.027003, 0.608650, 2450, 2401, Managed, linux
0.681484, 0.028326, 0.653158, 2450, 2411, Managed, linux
0.737015, 0.027269, 0.709746, 2450, 2421, Managed, linux
0.729614, 0.027791, 0.701823, 2450, 2431, Managed, linux
0.689778, 0.028118, 0.661660, 2450, 2441, Managed, linux
0.643684, 0.028337, 0.615347, 2485, 2451, Managed, linux
0.689913, 0.028255, 0.661658, 2485, 2461, Managed, linux
0.624832, 0.027337, 0.597495, 2485, 2471, Managed, linux
0.746234, 0.027827, 0.718407, 2485, 2481, Managed, linux
0.654169, 0.029437, 0.624732, 2556, 2491, Managed, linux
0.676562, 0.028764, 0.647798, 2556, 2501, Managed, linux
0.637804, 0.027568, 0.610236, 2556, 2511, Managed, linux
0.652584, 0.027005, 0.625579, 2592, 2521, Managed, linux
0.634014, 0.027340, 0.606674, 2592, 2531, Managed, linux
0.633452, 0.029578, 0.603874, 2592, 2541, Managed, linux
0.668219, 0.029125, 0.639094, 2592, 2551, Managed, linux
0.753996, 0.029669, 0.724327, 2592, 2561, Managed, linux
0.676968, 0.031027, 0.645941, 2592, 2571, Managed, linux
0.671197, 0.029079, 0.642118, 2592, 2581, Managed, linux
0.697616, 0.030815, 0.666801, 2592, 2591, Managed, linux
0.686611, 0.030921, 0.655690, 2628, 2601, Managed, linux
0.687003, 0.029512, 0.657491, 2628, 2611, Managed, linux
0.716960, 0.029797, 0.687163, 2628, 2621, Managed, linux
0.654928, 0.029969, 0.624959, 2701, 2631, Managed, linux
0.721932, 0.026836, 0.695096, 2701, 2641, Managed, linux
0.690868, 0.027493, 0.663375, 2701, 2651, Managed, linux
0.725837, 0.032468, 0.693369, 2701, 2661, Managed, linux
0.635071, 0.027963, 0.607108, 2738, 2671, Managed, linux
0.637185, 0.028281, 0.608904, 2738, 2681, Managed, linux
0.651397, 0.028152, 0.623245, 2738, 2691, Managed, linux
0.660492, 0.030031, 0.630461, 2738, 2701, Managed, linux
0.672795, 0.030253, 0.642542, 2738, 2711, Managed, linux
0.653717, 0.030322, 0.623395, 2738, 2721, Managed, linux
0.638032, 0.030360, 0.607672, 2738, 2731, Managed, linux
0.656168, 0.030238, 0.625930, 2775, 2741, Managed, linux
0.640551, 0.028416, 0.612135, 2775, 2751, Managed, linux
0.647639, 0.030010, 0.617629, 2775, 2761, Managed, linux
0.657861, 0.030035, 0.627826, 2775, 2771, Managed, linux
0.641812, 0.027391, 0.614421, 2850, 2781, Managed, linux
0.628143, 0.028548, 0.599595, 2850, 2791, Managed, linux
0.661706, 0.028412, 0.633294, 2850, 2801, Managed, linux
0.694108, 0.029361, 0.664747, 2850, 2811, Managed, linux
0.699591, 0.028954, 0.670637, 2888, 2821, Managed, linux
0.646855, 0.028671, 0.618184, 2888, 2831, Managed, linux
0.629446, 0.029082, 0.600364, 2888, 2841, Managed, linux
0.622868, 0.028390, 0.594478, 2888, 2851, Managed, linux
0.626730, 0.027926, 0.598804, 2888, 2861, Managed, linux
0.632173, 0.028430, 0.603743, 2888, 2871, Managed, linux
0.636151, 0.028615, 0.607536, 2888, 2881, Managed, linux
0.648543, 0.028959, 0.619584, 2926, 2891, Managed, linux
0.624007, 0.028085, 0.595922, 2926, 2901, Managed, linux
0.625694, 0.028956, 0.596738, 2926, 2911, Managed, linux
0.709967, 0.030171, 0.679796, 2926, 2921, Managed, linux
0.632554, 0.028695, 0.603859, 3003, 2931, Managed, linux
0.652277, 0.028835, 0.623442, 3003, 2941, Managed, linux
0.638048, 0.027760, 0.610288, 3003, 2951, Managed, linux
0.652929, 0.029451, 0.623478, 3003, 2961, Managed, linux
0.646784, 0.029432, 0.617352, 3042, 2971, Managed, linux
0.625381, 0.027525, 0.597856, 3042, 2981, Managed, linux
0.644179, 0.028470, 0.615709, 3042, 2991, Managed, linux
0.366256, 0.008363, 0.357893, 2, 1, Unmanaged, linux
0.392187, 0.008278, 0.383909, 15, 11, Unmanaged, linux
0.437638, 0.010277, 0.427361, 21, 21, Unmanaged, linux
0.430367, 0.010614, 0.419753, 32, 31, Unmanaged, linux
0.401909, 0.009410, 0.392499, 50, 41, Unmanaged, linux
0.406547, 0.009952, 0.396595, 55, 51, Unmanaged, linux
0.368653, 0.008680, 0.359973, 72, 61, Unmanaged, linux
0.378096, 0.008926, 0.369170, 72, 71, Unmanaged, linux
0.375725, 0.009117, 0.366608, 91, 81, Unmanaged, linux
0.373320, 0.009200, 0.364120, 98, 91, Unmanaged, linux
0.431710, 0.010322, 0.421388, 105, 101, Unmanaged, linux
0.453354, 0.009899, 0.443455, 120, 111, Unmanaged, linux
0.419718, 0.009321, 0.410397, 128, 121, Unmanaged, linux
0.385748, 0.009929, 0.375819, 136, 131, Unmanaged, linux
0.387177, 0.009994, 0.377183, 153, 141, Unmanaged, linux
0.428284, 0.010836, 0.417448, 162, 151, Unmanaged, linux
0.454868, 0.011259, 0.443609, 162, 161, Unmanaged, linux
0.404690, 0.010212, 0.394478, 171, 171, Unmanaged, linux
0.389509, 0.009953, 0.379556, 200, 181, Unmanaged, linux
0.401242, 0.010516, 0.390726, 200, 191, Unmanaged, linux
0.416738, 0.010617, 0.406121, 210, 201, Unmanaged, linux
0.442099, 0.010439, 0.431660, 231, 211, Unmanaged, linux
0.427804, 0.010870, 0.416934, 242, 221, Unmanaged, linux
0.467203, 0.011758, 0.455445, 242, 231, Unmanaged, linux
0.394502, 0.010563, 0.383939, 242, 241, Unmanaged, linux
0.422436, 0.010400, 0.412036, 253, 251, Unmanaged, linux
0.401623, 0.010721, 0.390902, 276, 261, Unmanaged, linux
0.400470, 0.010475, 0.389995, 288, 271, Unmanaged, linux
0.407082, 0.010794, 0.396288, 288, 281, Unmanaged, linux
0.437997, 0.011288, 0.426709, 300, 291, Unmanaged, linux
0.451305, 0.011150, 0.440155, 325, 301, Unmanaged, linux
0.519130, 0.010624, 0.508506, 325, 311, Unmanaged, linux
0.413711, 0.010229, 0.403482, 338, 321, Unmanaged, linux
0.507105, 0.011112, 0.495993, 338, 331, Unmanaged, linux
0.536749, 0.011557, 0.525192, 351, 341, Unmanaged, linux
0.462522, 0.010978, 0.451544, 351, 351, Unmanaged, linux
0.439488, 0.010533, 0.428955, 378, 361, Unmanaged, linux
0.409971, 0.010397, 0.399574, 392, 371, Unmanaged, linux
0.427080, 0.010815, 0.416265, 392, 381, Unmanaged, linux
0.428003, 0.010226, 0.417777, 392, 391, Unmanaged, linux
0.460742, 0.010516, 0.450226, 406, 401, Unmanaged, linux
0.469538, 0.010940, 0.458598, 435, 411, Unmanaged, linux
0.434524, 0.010600, 0.423924, 450, 421, Unmanaged, linux
0.485967, 0.011613, 0.474354, 450, 431, Unmanaged, linux
0.469115, 0.011911, 0.457204, 450, 441, Unmanaged, linux
0.438940, 0.011293, 0.427647, 465, 451, Unmanaged, linux
0.418989, 0.011203, 0.407786, 465, 461, Unmanaged, linux
0.425032, 0.011662, 0.413370, 496, 471, Unmanaged, linux
0.439146, 0.011322, 0.427824, 512, 481, Unmanaged, linux
0.423654, 0.011854, 0.411800, 512, 491, Unmanaged, linux
0.481848, 0.012261, 0.469587, 512, 501, Unmanaged, linux
0.492799, 0.012620, 0.480179, 512, 511, Unmanaged, linux
0.455165, 0.011486, 0.443679, 528, 521, Unmanaged, linux
0.436990, 0.011498, 0.425492, 561, 531, Unmanaged, linux
0.425179, 0.011072, 0.414107, 561, 541, Unmanaged, linux
0.456859, 0.011066, 0.445793, 578, 551, Unmanaged, linux
0.466191, 0.011254, 0.454937, 578, 561, Unmanaged, linux
0.484667, 0.011559, 0.473108, 578, 571, Unmanaged, linux
0.443322, 0.011445, 0.431877, 595, 581, Unmanaged, linux
0.438084, 0.010975, 0.427109, 595, 591, Unmanaged, linux
0.424662, 0.011073, 0.413589, 630, 601, Unmanaged, linux
0.443610, 0.010894, 0.432716, 630, 611, Unmanaged, linux
0.433544, 0.011628, 0.421916, 648, 621, Unmanaged, linux
0.467603, 0.011322, 0.456281, 648, 631, Unmanaged, linux
0.426917, 0.011478, 0.415439, 648, 641, Unmanaged, linux
0.437853, 0.011769, 0.426084, 666, 651, Unmanaged, linux
0.441691, 0.011644, 0.430047, 666, 661, Unmanaged, linux
0.462660, 0.011880, 0.450780, 703, 671, Unmanaged, linux
0.451911, 0.012102, 0.439809, 703, 681, Unmanaged, linux
0.449337, 0.011462, 0.437875, 722, 691, Unmanaged, linux
0.503047, 0.011585, 0.491462, 722, 701, Unmanaged, linux
0.446577, 0.011648, 0.434929, 722, 711, Unmanaged, linux
0.602645, 0.011791, 0.590854, 722, 721, Unmanaged, linux
0.571353, 0.011821, 0.559532, 741, 731, Unmanaged, linux
0.642848, 0.011912, 0.630936, 741, 741, Unmanaged, linux
0.594498, 0.011875, 0.582623, 780, 751, Unmanaged, linux
0.480037, 0.012093, 0.467944, 800, 761, Unmanaged, linux
0.469549, 0.011738, 0.457811, 800, 771, Unmanaged, linux
0.491273, 0.011757, 0.479516, 800, 781, Unmanaged, linux
0.499802, 0.012607, 0.487195, 800, 791, Unmanaged, linux
0.501199, 0.011880, 0.489319, 820, 801, Unmanaged, linux
0.606507, 0.012526, 0.593981, 820, 811, Unmanaged, linux
0.609685, 0.010063, 0.599622, 861, 821, Unmanaged, linux
0.467899, 0.009961, 0.457938, 861, 831, Unmanaged, linux
0.465600, 0.009853, 0.455747, 882, 841, Unmanaged, linux
0.453119, 0.010395, 0.442724, 882, 851, Unmanaged, linux
0.442146, 0.011778, 0.430368, 882, 861, Unmanaged, linux
0.525343, 0.012230, 0.513113, 882, 871, Unmanaged, linux
0.470240, 0.011734, 0.458506, 882, 881, Unmanaged, linux
0.500719, 0.012309, 0.488410, 903, 891, Unmanaged, linux
0.457542, 0.011950, 0.445592, 903, 901, Unmanaged, linux
0.487634, 0.012083, 0.475551, 946, 911, Unmanaged, linux
0.466116, 0.011985, 0.454131, 946, 921, Unmanaged, linux
0.476735, 0.012310, 0.464425, 968, 931, Unmanaged, linux
0.528000, 0.012020, 0.515980, 968, 941, Unmanaged, linux
0.480291, 0.011965, 0.468326, 968, 951, Unmanaged, linux
0.504586, 0.011859, 0.492727, 968, 961, Unmanaged, linux
0.446156, 0.011687, 0.434469, 990, 971, Unmanaged, linux
0.506958, 0.012144, 0.494814, 990, 981, Unmanaged, linux
0.450548, 0.012078, 0.438470, 1035, 991, Unmanaged, linux
0.513533, 0.012457, 0.501076, 1035, 1001, Unmanaged, linux
0.508536, 0.012809, 0.495727, 1035, 1011, Unmanaged, linux
0.455815, 0.012221, 0.443594, 1058, 1021, Unmanaged, linux
0.457620, 0.012421, 0.445199, 1058, 1031, Unmanaged, linux
0.493359, 0.012311, 0.481048, 1058, 1041, Unmanaged, linux
0.630502, 0.012730, 0.617772, 1058, 1051, Unmanaged, linux
0.511632, 0.011465, 0.500167, 1081, 1061, Unmanaged, linux
0.466573, 0.011204, 0.455369, 1081, 1071, Unmanaged, linux
0.523979, 0.011561, 0.512418, 1081, 1081, Unmanaged, linux
0.470429, 0.011682, 0.458747, 1128, 1091, Unmanaged, linux
0.465543, 0.012364, 0.453179, 1128, 1101, Unmanaged, linux
0.470327, 0.012446, 0.457881, 1152, 1111, Unmanaged, linux
0.448807, 0.012584, 0.436223, 1152, 1121, Unmanaged, linux
0.470487, 0.012337, 0.458150, 1152, 1131, Unmanaged, linux
0.450026, 0.012334, 0.437692, 1152, 1141, Unmanaged, linux
0.467299, 0.012571, 0.454728, 1152, 1151, Unmanaged, linux
0.455318, 0.012698, 0.442620, 1176, 1161, Unmanaged, linux
0.452718, 0.012396, 0.440322, 1176, 1171, Unmanaged, linux
0.488501, 0.012565, 0.475936, 1225, 1181, Unmanaged, linux
0.475578, 0.012641, 0.462937, 1225, 1191, Unmanaged, linux
0.440007, 0.012334, 0.427673, 1250, 1201, Unmanaged, linux
0.461137, 0.012236, 0.448901, 1250, 1211, Unmanaged, linux
0.467559, 0.012784, 0.454775, 1250, 1221, Unmanaged, linux
0.496758, 0.012539, 0.484219, 1250, 1231, Unmanaged, linux
0.454609, 0.012705, 0.441904, 1250, 1241, Unmanaged, linux
0.463021, 0.012403, 0.450618, 1275, 1251, Unmanaged, linux
0.481946, 0.012799, 0.469147, 1275, 1261, Unmanaged, linux
0.458588, 0.012647, 0.445941, 1275, 1271, Unmanaged, linux
0.486268, 0.012711, 0.473557, 1326, 1281, Unmanaged, linux
0.513991, 0.013198, 0.500793, 1326, 1291, Unmanaged, linux
0.551131, 0.013284, 0.537847, 1352, 1301, Unmanaged, linux
0.532094, 0.012398, 0.519696, 1352, 1311, Unmanaged, linux
0.542457, 0.012316, 0.530141, 1352, 1321, Unmanaged, linux
0.513414, 0.012211, 0.501203, 1352, 1331, Unmanaged, linux
0.595493, 0.012128, 0.583365, 1352, 1341, Unmanaged, linux
0.519012, 0.011631, 0.507381, 1352, 1351, Unmanaged, linux
0.677603, 0.012385, 0.665218, 1378, 1361, Unmanaged, linux
0.546354, 0.012603, 0.533751, 1378, 1371, Unmanaged, linux
0.572685, 0.012396, 0.560289, 1431, 1381, Unmanaged, linux
0.562332, 0.012578, 0.549754, 1431, 1391, Unmanaged, linux
0.449982, 0.011649, 0.438333, 1431, 1401, Unmanaged, linux
0.438508, 0.011817, 0.426691, 1458, 1411, Unmanaged, linux
0.468992, 0.012493, 0.456499, 1458, 1421, Unmanaged, linux
0.514204, 0.012754, 0.501450, 1458, 1431, Unmanaged, linux
0.638407, 0.012836, 0.625571, 1458, 1441, Unmanaged, linux
0.486816, 0.011636, 0.475180, 1458, 1451, Unmanaged, linux
0.527609, 0.011596, 0.516013, 1485, 1461, Unmanaged, linux
0.446244, 0.011217, 0.435027, 1485, 1471, Unmanaged, linux
0.474236, 0.011082, 0.463154, 1485, 1481, Unmanaged, linux
0.488976, 0.011072, 0.477904, 1540, 1491, Unmanaged, linux
0.497978, 0.011266, 0.486712, 1540, 1501, Unmanaged, linux
0.512030, 0.010973, 0.501057, 1540, 1511, Unmanaged, linux
0.518409, 0.012457, 0.505952, 1568, 1521, Unmanaged, linux
0.554843, 0.011490, 0.543353, 1568, 1531, Unmanaged, linux
0.456538, 0.011337, 0.445201, 1568, 1541, Unmanaged, linux
0.459600, 0.011325, 0.448275, 1568, 1551, Unmanaged, linux
0.463148, 0.011690, 0.451458, 1568, 1561, Unmanaged, linux
0.468498, 0.012685, 0.455813, 1596, 1571, Unmanaged, linux
0.481454, 0.012667, 0.468787, 1596, 1581, Unmanaged, linux
0.447344, 0.012982, 0.434362, 1596, 1591, Unmanaged, linux
0.456547, 0.012810, 0.443737, 1653, 1601, Unmanaged, linux
0.452400, 0.012867, 0.439533, 1653, 1611, Unmanaged, linux
0.450851, 0.013199, 0.437652, 1653, 1621, Unmanaged, linux
0.472781, 0.012881, 0.459900, 1682, 1631, Unmanaged, linux
0.464012, 0.012826, 0.451186, 1682, 1641, Unmanaged, linux
0.474102, 0.013046, 0.461056, 1682, 1651, Unmanaged, linux
0.466506, 0.012967, 0.453539, 1682, 1661, Unmanaged, linux
0.510148, 0.013498, 0.496650, 1682, 1671, Unmanaged, linux
0.493396, 0.013384, 0.480012, 1682, 1681, Unmanaged, linux
0.530209, 0.012894, 0.517315, 1711, 1691, Unmanaged, linux
0.497661, 0.012923, 0.484738, 1711, 1701, Unmanaged, linux
0.481255, 0.013117, 0.468138, 1711, 1711, Unmanaged, linux
0.465043, 0.013196, 0.451847, 1770, 1721, Unmanaged, linux
0.455046, 0.012439, 0.442607, 1770, 1731, Unmanaged, linux
0.459321, 0.012311, 0.447010, 1800, 1741, Unmanaged, linux
0.455238, 0.013198, 0.442040, 1800, 1751, Unmanaged, linux
0.481717, 0.013055, 0.468662, 1800, 1761, Unmanaged, linux
0.507523, 0.013089, 0.494434, 1800, 1771, Unmanaged, linux
0.543052, 0.012502, 0.530550, 1800, 1781, Unmanaged, linux
0.463994, 0.012402, 0.451592, 1800, 1791, Unmanaged, linux
0.450338, 0.012297, 0.438041, 1830, 1801, Unmanaged, linux
0.483182, 0.012532, 0.470650, 1830, 1811, Unmanaged, linux
0.514771, 0.013306, 0.501465, 1830, 1821, Unmanaged, linux
0.505759, 0.012855, 0.492904, 1891, 1831, Unmanaged, linux
0.559630, 0.013116, 0.546514, 1891, 1841, Unmanaged, linux
0.480415, 0.013757, 0.466658, 1891, 1851, Unmanaged, linux
0.480123, 0.012955, 0.467168, 1922, 1861, Unmanaged, linux
0.451109, 0.013084, 0.438025, 1922, 1871, Unmanaged, linux
0.544446, 0.013739, 0.530707, 1922, 1881, Unmanaged, linux
0.590731, 0.013591, 0.577140, 1922, 1891, Unmanaged, linux
0.630645, 0.012810, 0.617835, 1922, 1901, Unmanaged, linux
0.480565, 0.010625, 0.469940, 1922, 1911, Unmanaged, linux
0.425995, 0.010315, 0.415680, 1922, 1921, Unmanaged, linux
0.445595, 0.010815, 0.434780, 1953, 1931, Unmanaged, linux
0.436649, 0.011169, 0.425480, 1953, 1941, Unmanaged, linux
0.474107, 0.013240, 0.460867, 1953, 1951, Unmanaged, linux
0.451241, 0.013521, 0.437720, 2016, 1961, Unmanaged, linux
0.455952, 0.013276, 0.442676, 2016, 1971, Unmanaged, linux
0.464845, 0.013277, 0.451568, 2016, 1981, Unmanaged, linux
0.467066, 0.013136, 0.453930, 2048, 1991, Unmanaged, linux
0.470347, 0.013168, 0.457179, 2048, 2001, Unmanaged, linux
0.546756, 0.013574, 0.533182, 2048, 2011, Unmanaged, linux
0.600439, 0.011973, 0.588466, 2048, 2021, Unmanaged, linux
0.518159, 0.011330, 0.506829, 2048, 2031, Unmanaged, linux
0.514505, 0.011454, 0.503051, 2048, 2041, Unmanaged, linux
0.475280, 0.011033, 0.464247, 2080, 2051, Unmanaged, linux
0.518301, 0.011635, 0.506666, 2080, 2061, Unmanaged, linux
0.525009, 0.011791, 0.513218, 2080, 2071, Unmanaged, linux
0.564834, 0.012526, 0.552308, 2145, 2081, Unmanaged, linux
0.487949, 0.012618, 0.475331, 2145, 2091, Unmanaged, linux
0.481009, 0.013093, 0.467916, 2145, 2101, Unmanaged, linux
0.466763, 0.013276, 0.453487, 2145, 2111, Unmanaged, linux
0.481704, 0.013480, 0.468224, 2178, 2121, Unmanaged, linux
0.490233, 0.013197, 0.477036, 2178, 2131, Unmanaged, linux
0.484358, 0.013817, 0.470541, 2178, 2141, Unmanaged, linux
0.480382, 0.013148, 0.467234, 2178, 2151, Unmanaged, linux
0.474598, 0.013213, 0.461385, 2178, 2161, Unmanaged, linux
0.496129, 0.013429, 0.482700, 2178, 2171, Unmanaged, linux
0.501809, 0.013288, 0.488521, 2211, 2181, Unmanaged, linux
0.493740, 0.014042, 0.479698, 2211, 2191, Unmanaged, linux
0.510356, 0.013140, 0.497216, 2211, 2201, Unmanaged, linux
0.516040, 0.013168, 0.502872, 2211, 2211, Unmanaged, linux
0.487507, 0.013773, 0.473734, 2278, 2221, Unmanaged, linux
0.483524, 0.013892, 0.469632, 2278, 2231, Unmanaged, linux
0.503462, 0.013406, 0.490056, 2278, 2241, Unmanaged, linux
0.532221, 0.013604, 0.518617, 2312, 2251, Unmanaged, linux
0.539020, 0.013520, 0.525500, 2312, 2261, Unmanaged, linux
0.486383, 0.013333, 0.473050, 2312, 2271, Unmanaged, linux
0.477693, 0.013397, 0.464296, 2312, 2281, Unmanaged, linux
0.479859, 0.013317, 0.466542, 2312, 2291, Unmanaged, linux
0.490131, 0.013635, 0.476496, 2312, 2301, Unmanaged, linux
0.501824, 0.013818, 0.488006, 2312, 2311, Unmanaged, linux
0.470819, 0.013877, 0.456942, 2346, 2321, Unmanaged, linux
0.473226, 0.013667, 0.459559, 2346, 2331, Unmanaged, linux
0.494246, 0.013685, 0.480561, 2346, 2341, Unmanaged, linux
0.494320, 0.013867, 0.480453, 2415, 2351, Unmanaged, linux
0.492147, 0.013854, 0.478293, 2415, 2361, Unmanaged, linux
0.509218, 0.013877, 0.495341, 2415, 2371, Unmanaged, linux
0.487682, 0.013721, 0.473961, 2450, 2381, Unmanaged, linux
0.507802, 0.013799, 0.494003, 2450, 2391, Unmanaged, linux
0.483283, 0.013665, 0.469618, 2450, 2401, Unmanaged, linux
0.466030, 0.013803, 0.452227, 2450, 2411, Unmanaged, linux
0.511439, 0.013998, 0.497441, 2450, 2421, Unmanaged, linux
0.511609, 0.014048, 0.497561, 2450, 2431, Unmanaged, linux
0.483820, 0.013916, 0.469904, 2450, 2441, Unmanaged, linux
0.497968, 0.014348, 0.483620, 2485, 2451, Unmanaged, linux
0.494319, 0.014297, 0.480022, 2485, 2461, Unmanaged, linux
0.478878, 0.014115, 0.464763, 2485, 2471, Unmanaged, linux
0.498855, 0.014650, 0.484205, 2485, 2481, Unmanaged, linux
0.540969, 0.014486, 0.526483, 2556, 2491, Unmanaged, linux
0.586117, 0.014348, 0.571769, 2556, 2501, Unmanaged, linux
0.496416, 0.014183, 0.482233, 2556, 2511, Unmanaged, linux
0.504148, 0.014327, 0.489821, 2592, 2521, Unmanaged, linux
0.488352, 0.014209, 0.474143, 2592, 2531, Unmanaged, linux
0.511054, 0.014168, 0.496886, 2592, 2541, Unmanaged, linux
0.505698, 0.014573, 0.491125, 2592, 2551, Unmanaged, linux
0.505052, 0.014515, 0.490537, 2592, 2561, Unmanaged, linux
0.557144, 0.014657, 0.542487, 2592, 2571, Unmanaged, linux
0.534316, 0.014802, 0.519514, 2592, 2581, Unmanaged, linux
0.543747, 0.014619, 0.529128, 2592, 2591, Unmanaged, linux
0.496003, 0.014547, 0.481456, 2628, 2601, Unmanaged, linux
0.516150, 0.014810, 0.501340, 2628, 2611, Unmanaged, linux
0.491265, 0.014737, 0.476528, 2628, 2621, Unmanaged, linux
0.494539, 0.014929, 0.479610, 2701, 2631, Unmanaged, linux
0.497133, 0.014960, 0.482173, 2701, 2641, Unmanaged, linux
0.501660, 0.015186, 0.486474, 2701, 2651, Unmanaged, linux
0.486228, 0.015357, 0.470871, 2701, 2661, Unmanaged, linux
0.500208, 0.015338, 0.484870, 2738, 2671, Unmanaged, linux
0.481644, 0.015148, 0.466496, 2738, 2681, Unmanaged, linux
0.506806, 0.015111, 0.491695, 2738, 2691, Unmanaged, linux
0.494664, 0.014883, 0.479781, 2738, 2701, Unmanaged, linux
0.531415, 0.015009, 0.516406, 2738, 2711, Unmanaged, linux
0.513170, 0.015541, 0.497629, 2738, 2721, Unmanaged, linux
0.612156, 0.015379, 0.596777, 2738, 2731, Unmanaged, linux
0.514144, 0.015662, 0.498482, 2775, 2741, Unmanaged, linux
0.504451, 0.015218, 0.489233, 2775, 2751, Unmanaged, linux
0.484455, 0.015718, 0.468737, 2775, 2761, Unmanaged, linux
0.487492, 0.015161, 0.472331, 2775, 2771, Unmanaged, linux
0.512026, 0.015236, 0.496790, 2850, 2781, Unmanaged, linux
0.521775, 0.015385, 0.506390, 2850, 2791, Unmanaged, linux
0.483639, 0.015304, 0.468335, 2850, 2801, Unmanaged, linux
0.495463, 0.015392, 0.480071, 2850, 2811, Unmanaged, linux
0.526678, 0.015778, 0.510900, 2888, 2821, Unmanaged, linux
0.493621, 0.015700, 0.477921, 2888, 2831, Unmanaged, linux
0.495035, 0.015903, 0.479132, 2888, 2841, Unmanaged, linux
0.531822, 0.015472, 0.516350, 2888, 2851, Unmanaged, linux
0.482185, 0.015599, 0.466586, 2888, 2861, Unmanaged, linux
0.477270, 0.015758, 0.461512, 2888, 2871, Unmanaged, linux
0.486693, 0.016146, 0.470547, 2888, 2881, Unmanaged, linux
0.493149, 0.015897, 0.477252, 2926, 2891, Unmanaged, linux
0.559013, 0.016132, 0.542881, 2926, 2901, Unmanaged, linux
0.499895, 0.016070, 0.483825, 2926, 2911, Unmanaged, linux
0.476467, 0.016039, 0.460428, 2926, 2921, Unmanaged, linux
0.475566, 0.015882, 0.459684, 3003, 2931, Unmanaged, linux
0.488078, 0.016037, 0.472041, 3003, 2941, Unmanaged, linux
0.500370, 0.016162, 0.484208, 3003, 2951, Unmanaged, linux
0.493010, 0.015944, 0.477066, 3003, 2961, Unmanaged, linux
0.514559, 0.016006, 0.498553, 3042, 2971, Unmanaged, linux
0.560550, 0.016271, 0.544279, 3042, 2981, Unmanaged, linux
0.536778, 0.016177, 0.520601, 3042, 2991, Unmanaged, linux